date,divergence_pctl
2015-06-16,0.779
2015-06-17,0.781
2015-06-18,0.783
2015-06-19,0.785
2015-06-22,0.787
2015-06-23,0.79
2015-06-24,0.792
2015-06-25,0.791
2015-06-26,0.794
2015-06-29,0.796
2015-06-30,0.798
2015-07-01,0.8
2015-07-02,0.803
2015-07-06,0.802
2015-07-07,0.805
2015-07-08,0.807
2015-07-09,0.809
2015-07-10,0.81
2015-07-13,0.809
2015-07-14,0.809
2015-07-15,0.808
2015-07-16,0.808
2015-07-17,0.807
2015-07-20,0.809
2015-07-21,0.812
2015-07-22,0.811
2015-07-23,0.814
2015-07-24,0.816
2015-07-27,0.819
2015-07-28,0.821
2015-07-29,0.824
2015-07-30,0.826
2015-07-31,0.829
2015-08-03,0.831
2015-08-04,0.834
2015-08-05,0.836
2015-08-06,0.839
2015-08-07,0.841
2015-08-10,0.844
2015-08-11,0.847
2015-08-12,0.849
2015-08-13,0.852
2015-08-14,0.855
2015-08-17,0.857
2015-08-18,0.86
2015-08-19,0.863
2015-08-20,0.866
2015-08-21,0.868
2015-08-24,0.871
2015-08-25,0.874
2015-08-26,0.877
2015-08-27,0.88
2015-08-28,0.879
2015-08-31,0.879
2015-09-01,0.879
2015-09-02,0.878
2015-09-03,0.878
2015-09-04,0.877
2015-09-08,0.877
2015-09-09,0.877
2015-09-10,0.876
2015-09-11,0.876
2015-09-14,0.875
2015-09-15,0.875
2015-09-16,0.874
2015-09-17,0.874
2015-09-18,0.874
2015-09-21,0.873
2015-09-22,0.873
2015-09-23,0.872
2015-09-24,0.872
2015-09-25,0.871
2015-09-28,0.871
2015-09-29,0.871
2015-09-30,0.87
2015-10-01,0.87
2015-10-02,0.869
2015-10-05,0.869
2015-10-06,0.868
2015-10-07,0.868
2015-10-08,0.867
2015-10-09,0.867
2015-10-12,0.866
2015-10-13,0.866
2015-10-14,0.865
2015-10-15,0.865
2015-10-16,0.864
2015-10-19,0.864
2015-10-20,0.863
2015-10-21,0.863
2015-10-22,0.862
2015-10-23,0.862
2015-10-26,0.861
2015-10-27,0.861
2015-10-28,0.86
2015-10-29,0.86
2015-10-30,0.859
2015-11-02,0.859
2015-11-03,0.858
2015-11-04,0.858
2015-11-05,0.857
2015-11-06,0.857
2015-11-09,0.856
2015-11-10,0.855
2015-11-11,0.855
2015-11-12,0.854
2015-11-13,0.854
2015-11-16,0.853
2015-11-17,0.853
2015-11-18,0.852
2015-11-19,0.851
2015-11-20,0.851
2015-11-23,0.85
2015-11-24,0.85
2015-11-25,0.849
2015-11-27,0.848
2015-11-30,0.848
2015-12-01,0.847
2015-12-02,0.846
2015-12-03,0.846
2015-12-04,0.845
2015-12-07,0.845
2015-12-08,0.844
2015-12-09,0.843
2015-12-10,0.843
2015-12-11,0.842
2015-12-14,0.841
2015-12-15,0.841
2015-12-16,0.84
2015-12-17,0.839
2015-12-18,0.838
2015-12-21,0.838
2015-12-22,0.837
2015-12-23,0.836
2015-12-24,0.836
2015-12-28,0.835
2015-12-29,0.834
2015-12-30,0.833
2015-12-31,0.833
2016-01-04,0.832
2016-01-05,0.831
2016-01-06,0.83
2016-01-07,0.83
2016-01-08,0.829
2016-01-11,0.828
2016-01-12,0.827
2016-01-13,0.826
2016-01-14,0.826
2016-01-15,0.825
2016-01-19,0.824
2016-01-20,0.823
2016-01-21,0.822
2016-01-22,0.821
2016-01-25,0.82
2016-01-26,0.82
2016-01-27,0.819
2016-01-28,0.818
2016-01-29,0.817
2016-02-01,0.816
2016-02-02,0.815
2016-02-03,0.814
2016-02-04,0.813
2016-02-05,0.812
2016-02-08,0.811
2016-02-09,0.81
2016-02-10,0.809
2016-02-11,0.808
2016-02-12,0.813
2016-02-16,0.817
2016-02-17,0.821
2016-02-18,0.82
2016-02-19,0.824
2016-02-22,0.829
2016-02-23,0.833
2016-02-24,0.838
2016-02-25,0.842
2016-02-26,0.847
2016-02-29,0.851
2016-03-01,0.856
2016-03-02,0.861
2016-03-03,0.866
2016-03-04,0.871
2016-03-07,0.875
2016-03-08,0.875
2016-03-09,0.88
2016-03-10,0.885
2016-03-11,0.65
2016-03-14,0.743
2016-03-15,0.888
2016-03-16,0.878
2016-03-17,0.757
2016-03-18,0.675
2016-03-21,0.645
2016-03-22,0.606
2016-03-23,0.881
2016-03-24,0.7346
2016-03-28,0.852
2016-03-29,0.796
2016-03-30,0.676
2016-03-31,0.643
2016-04-01,0.955
2016-04-04,0.97
2016-04-05,0.975
2016-04-06,0.965
2016-04-07,0.995
2016-04-08,0.956
2016-04-11,0.946
2016-04-12,0.922
2016-04-13,0.75
2016-04-14,0.564
2016-04-15,0.614
2016-04-18,0.549
2016-04-19,0.49
2016-04-20,0.436
2016-04-21,0.481
2016-04-22,0.516
2016-04-25,0.555
2016-04-26,0.483
2016-04-27,0.426
2016-04-28,0.406
2016-04-29,0.486
2016-05-02,0.484
2016-05-03,0.603
2016-05-04,0.623
2016-05-05,0.477
2016-05-06,0.417
2016-05-09,0.575
2016-05-10,0.581
2016-05-11,0.57
2016-05-12,0.602
2016-05-13,0.595
2016-05-16,0.506
2016-05-17,0.478
2016-05-18,0.416
2016-05-19,0.482
2016-05-20,0.374
2016-05-23,0.394
2016-05-24,0.303
2016-05-25,0.113
2016-05-26,0.163
2016-05-27,0.2
2016-05-31,0.153
2016-06-01,0.214
2016-06-02,0.127
2016-06-03,0.25
2016-06-06,0.228
2016-06-07,0.138
2016-06-08,0.153
2016-06-09,0.391
2016-06-10,0.393
2016-06-13,0.388
2016-06-14,0.418
2016-06-15,0.388
2016-06-16,0.347
2016-06-17,0.22
2016-06-20,0.082
2016-06-21,0.046
2016-06-22,0.05
2016-06-23,0.003
2016-06-24,0.096
2016-06-27,0.188
2016-06-28,0.233
2016-06-29,0.232
2016-06-30,0.307
2016-07-01,0.272
2016-07-05,0.377
2016-07-06,0.357
2016-07-07,0.292
2016-07-08,0.369
2016-07-11,0.356
2016-07-12,0.288
2016-07-13,0.287
2016-07-14,0.22
2016-07-15,0.252
2016-07-18,0.244
2016-07-19,0.28
2016-07-20,0.13
2016-07-21,0.122
2016-07-22,0.115
2016-07-25,0.111
2016-07-26,0.067
2016-07-27,0.024
2016-07-28,0.053
2016-07-29,0.042
2016-08-01,0.098
2016-08-02,0.077
2016-08-03,0.073
2016-08-04,0.073
2016-08-05,0.038
2016-08-08,0.044
2016-08-09,0.041
2016-08-10,0.037
2016-08-11,0.0
2016-08-12,0.003
2016-08-15,0.0
2016-08-16,0.0
2016-08-17,0.003
2016-08-18,0.0
2016-08-19,0.006
2016-08-22,0.0
2016-08-23,0.0
2016-08-24,0.006
2016-08-25,0.013
2016-08-26,0.0
2016-08-29,0.019
2016-08-30,0.006
2016-08-31,0.009
2016-09-01,0.0
2016-09-02,0.0
2016-09-06,0.0
2016-09-07,0.0
2016-09-08,0.006
2016-09-09,0.0
2016-09-12,0.0
2016-09-13,0.0
2016-09-14,0.0
2016-09-15,0.0
2016-09-16,0.003
2016-09-19,0.009
2016-09-20,0.012
2016-09-21,0.003
2016-09-22,0.003
2016-09-23,0.009
2016-09-26,0.024
2016-09-27,0.006
2016-09-28,0.018
2016-09-29,0.003
2016-09-30,0.0
2016-10-03,0.0
2016-10-04,0.0
2016-10-05,0.003
2016-10-06,0.0
2016-10-07,0.009
2016-10-10,0.012
2016-10-11,0.014
2016-10-12,0.017
2016-10-13,0.02
2016-10-14,0.026
2016-10-17,0.035
2016-10-18,0.038
2016-10-19,0.035
2016-10-20,0.046
2016-10-21,0.049
2016-10-24,0.075
2016-10-25,0.093
2016-10-26,0.089
2016-10-27,0.098
2016-10-28,0.109
2016-10-31,0.114
2016-11-01,0.111
2016-11-02,0.102
2016-11-03,0.105
2016-11-04,0.122
2016-11-07,0.116
2016-11-08,0.124
2016-11-09,0.087
2016-11-10,0.103
2016-11-11,0.128
2016-11-14,0.148
2016-11-15,0.172
2016-11-16,0.177
2016-11-17,0.18
2016-11-18,0.187
2016-11-21,0.195
2016-11-22,0.197
2016-11-23,0.202
2016-11-25,0.196
2016-11-28,0.188
2016-11-29,0.171
2016-11-30,0.2
2016-12-01,0.205
2016-12-02,0.191
2016-12-05,0.201
2016-12-06,0.222
2016-12-07,0.237
2016-12-08,0.296
2016-12-09,0.319
2016-12-12,0.267
2016-12-13,0.224
2016-12-14,0.226
2016-12-15,0.236
2016-12-16,0.236
2016-12-19,0.238
2016-12-20,0.287
2016-12-21,0.276
2016-12-22,0.236
2016-12-23,0.209
2016-12-27,0.235
2016-12-28,0.185
2016-12-29,0.169
2016-12-30,0.138
2017-01-03,0.143
2017-01-04,0.158
2017-01-05,0.122
2017-01-06,0.137
2017-01-09,0.101
2017-01-10,0.121
2017-01-11,0.143
2017-01-12,0.138
2017-01-13,0.135
2017-01-17,0.077
2017-01-18,0.087
2017-01-19,0.092
2017-01-20,0.131
2017-01-23,0.153
2017-01-24,0.165
2017-01-25,0.172
2017-01-26,0.213
2017-01-27,0.196
2017-01-30,0.168
2017-01-31,0.129
2017-02-01,0.197
2017-02-02,0.165
2017-02-03,0.21
2017-02-06,0.217
2017-02-07,0.156
2017-02-08,0.115
2017-02-09,0.127
2017-02-10,0.102
2017-02-13,0.138
2017-02-14,0.171
2017-02-15,0.218
2017-02-16,0.177
2017-02-17,0.198
2017-02-21,0.252
2017-02-22,0.282
2017-02-23,0.255
2017-02-24,0.234
2017-02-27,0.24
2017-02-28,0.24
2017-03-01,0.302
2017-03-02,0.264
2017-03-03,0.277
2017-03-06,0.29
2017-03-07,0.324
2017-03-08,0.358
2017-03-09,0.387
2017-03-10,0.379
2017-03-13,0.406
2017-03-14,0.419
2017-03-15,0.44
2017-03-16,0.446
2017-03-17,0.441
2017-03-20,0.446
2017-03-21,0.418
2017-03-22,0.417
2017-03-23,0.421
2017-03-24,0.409
2017-03-27,0.392
2017-03-28,0.38
2017-03-29,0.38
2017-03-30,0.368
2017-03-31,0.369
2017-04-03,0.388
2017-04-04,0.381
2017-04-05,0.329
2017-04-06,0.28
2017-04-07,0.271
2017-04-10,0.255
2017-04-11,0.263
2017-04-12,0.286
2017-04-13,0.288
2017-04-17,0.292
2017-04-18,0.274
2017-04-19,0.25
2017-04-20,0.281
2017-04-21,0.278
2017-04-24,0.357
2017-04-25,0.356
2017-04-26,0.413
2017-04-27,0.457
2017-04-28,0.484
2017-05-01,0.561
2017-05-02,0.649
2017-05-03,0.641
2017-05-04,0.698
2017-05-05,0.693
2017-05-08,0.677
2017-05-09,0.728
2017-05-10,0.716
2017-05-11,0.658
2017-05-12,0.69
2017-05-15,0.674
2017-05-16,0.718
2017-05-17,0.617
2017-05-18,0.635
2017-05-19,0.586
2017-05-22,0.601
2017-05-23,0.608
2017-05-24,0.578
2017-05-25,0.583
2017-05-26,0.543
2017-05-30,0.558
2017-05-31,0.565
2017-06-01,0.609
2017-06-02,0.648
2017-06-05,0.645
2017-06-06,0.583
2017-06-07,0.55
2017-06-08,0.615
2017-06-09,0.492
2017-06-12,0.391
2017-06-13,0.376
2017-06-14,0.353
2017-06-15,0.295
2017-06-16,0.32
2017-06-19,0.395
2017-06-20,0.376
2017-06-21,0.401
2017-06-22,0.379
2017-06-23,0.368
2017-06-26,0.317
2017-06-27,0.328
2017-06-28,0.352
2017-06-29,0.352
2017-06-30,0.368
2017-07-03,0.319
2017-07-05,0.303
2017-07-06,0.305
2017-07-07,0.352
2017-07-10,0.363
2017-07-11,0.389
2017-07-12,0.4
2017-07-13,0.393
2017-07-14,0.404
2017-07-17,0.379
2017-07-18,0.38
2017-07-19,0.423
2017-07-20,0.448
2017-07-21,0.451
2017-07-24,0.479
2017-07-25,0.465
2017-07-26,0.501
2017-07-27,0.493
2017-07-28,0.485
2017-07-31,0.489
2017-08-01,0.608
2017-08-02,0.62
2017-08-03,0.57
2017-08-04,0.591
2017-08-07,0.642
2017-08-08,0.641
2017-08-09,0.669
2017-08-10,0.679
2017-08-11,0.691
2017-08-14,0.702
2017-08-15,0.721
2017-08-16,0.731
2017-08-17,0.739
2017-08-18,0.732
2017-08-21,0.76
2017-08-22,0.767
2017-08-23,0.755
2017-08-24,0.732
2017-08-25,0.712
2017-08-28,0.704
2017-08-29,0.697
2017-08-30,0.685
2017-08-31,0.702
2017-09-01,0.719
2017-09-05,0.7
2017-09-06,0.693
2017-09-07,0.791
2017-09-08,0.774
2017-09-11,0.789
2017-09-12,0.792
2017-09-13,0.78
2017-09-14,0.795
2017-09-15,0.866
2017-09-18,0.859
2017-09-19,0.871
2017-09-20,0.805
2017-09-21,0.811
2017-09-22,0.806
2017-09-25,0.703
2017-09-26,0.725
2017-09-27,0.703
2017-09-28,0.727
2017-09-29,0.742
2017-10-02,0.789
2017-10-03,0.798
2017-10-04,0.82
2017-10-05,0.8
2017-10-06,0.833
2017-10-09,0.823
2017-10-10,0.926
2017-10-11,0.957
2017-10-12,0.972
2017-10-13,0.977
2017-10-16,0.976
2017-10-17,0.967
2017-10-18,0.983
2017-10-19,0.959
2017-10-20,0.967
2017-10-23,0.969
2017-10-24,0.979
2017-10-25,0.993
2017-10-26,0.994
2017-10-27,0.998
2017-10-30,1.0
2017-10-31,1.0
2017-11-01,1.0
2017-11-02,0.99
2017-11-03,0.981
2017-11-06,0.966
2017-11-07,0.93
2017-11-08,0.966
2017-11-09,0.939
2017-11-10,0.929
2017-11-13,0.917
2017-11-14,0.947
2017-11-15,0.893
2017-11-16,0.908
2017-11-17,0.845
2017-11-20,0.837
2017-11-21,0.848
2017-11-22,0.785
2017-11-24,0.836
2017-11-27,0.83
2017-11-28,0.801
2017-11-29,0.759
2017-11-30,0.737
2017-12-01,0.739
2017-12-04,0.712
2017-12-05,0.706
2017-12-06,0.691
2017-12-07,0.694
2017-12-08,0.711
2017-12-11,0.721
2017-12-12,0.697
2017-12-13,0.676
2017-12-14,0.649
2017-12-15,0.609
2017-12-18,0.593
2017-12-19,0.61
2017-12-20,0.548
2017-12-21,0.566
2017-12-22,0.587
2017-12-26,0.551
2017-12-27,0.586
2017-12-28,0.512
2017-12-29,0.527
2018-01-02,0.563
2018-01-03,0.617
2018-01-04,0.678
2018-01-05,0.663
2018-01-08,0.605
2018-01-09,0.61
2018-01-10,0.615
2018-01-11,0.704
2018-01-12,0.783
2018-01-16,0.74
2018-01-17,0.739
2018-01-18,0.744
2018-01-19,0.866
2018-01-22,0.908
2018-01-23,0.885
2018-01-24,0.923
2018-01-25,0.886
2018-01-26,0.925
2018-01-29,0.956
2018-01-30,0.933
2018-01-31,0.907
2018-02-01,0.962
2018-02-02,0.927
2018-02-05,0.906
2018-02-06,0.947
2018-02-07,0.955
2018-02-08,0.97
2018-02-09,0.988
2018-02-12,1.0
2018-02-13,1.0
2018-02-14,1.0
2018-02-15,1.0
2018-02-16,0.995
2018-02-20,0.994
2018-02-21,0.994
2018-02-22,0.985
2018-02-23,0.983
2018-02-26,0.989
2018-02-27,0.985
2018-02-28,0.979
2018-03-01,0.938
2018-03-02,0.937
2018-03-05,0.945
2018-03-06,0.906
2018-03-07,0.905
2018-03-08,0.835
2018-03-09,0.883
2018-03-12,0.885
2018-03-13,0.876
2018-03-14,0.89
2018-03-15,0.846
2018-03-16,0.838
2018-03-19,0.933
2018-03-20,0.932
2018-03-21,0.925
2018-03-22,0.869
2018-03-23,0.823
2018-03-26,0.922
2018-03-27,0.82
2018-03-28,0.783
2018-03-29,0.786
2018-04-02,0.827
2018-04-03,0.768
2018-04-04,0.716
2018-04-05,0.759
2018-04-06,0.718
2018-04-09,0.711
2018-04-10,0.702
2018-04-11,0.718
2018-04-12,0.773
2018-04-13,0.71
2018-04-16,0.737
2018-04-17,0.767
2018-04-18,0.822
2018-04-19,0.842
2018-04-20,0.914
2018-04-23,0.912
2018-04-24,0.852
2018-04-25,0.925
2018-04-26,0.959
2018-04-27,0.936
2018-04-30,0.847
2018-05-01,0.933
2018-05-02,0.891
2018-05-03,0.935
2018-05-04,0.951
2018-05-07,0.975
2018-05-08,0.969
2018-05-09,0.975
2018-05-10,0.964
2018-05-11,0.98
2018-05-14,0.987
2018-05-15,0.991
2018-05-16,0.993
2018-05-17,0.995
2018-05-18,0.997
2018-05-21,1.0
2018-05-22,0.997
2018-05-23,0.995
2018-05-24,0.985
2018-05-25,0.983
2018-05-29,0.982
2018-05-30,0.995
2018-05-31,0.995
2018-06-01,0.998
2018-06-04,1.0
2018-06-05,1.0
2018-06-06,1.0
2018-06-07,0.997
2018-06-08,0.998
2018-06-11,0.994
2018-06-12,1.0
2018-06-13,0.998
2018-06-14,0.996
2018-06-15,0.998
2018-06-18,1.0
2018-06-19,1.0
2018-06-20,1.0
2018-06-21,0.998
2018-06-22,0.993
2018-06-25,0.981
2018-06-26,0.985
2018-06-27,0.989
2018-06-28,0.988
2018-06-29,0.98
2018-07-02,0.985
2018-07-03,0.972
2018-07-05,0.967
2018-07-06,0.966
2018-07-09,0.972
2018-07-10,0.975
2018-07-11,0.971
2018-07-12,0.976
2018-07-13,0.963
2018-07-16,0.958
2018-07-17,0.965
2018-07-18,0.976
2018-07-19,0.97
2018-07-20,0.958
2018-07-23,0.947
2018-07-24,0.932
2018-07-25,0.95
2018-07-26,0.956
2018-07-27,0.917
2018-07-30,0.753
2018-07-31,0.797
2018-08-01,0.795
2018-08-02,0.765
2018-08-03,0.718
2018-08-06,0.696
2018-08-07,0.614
2018-08-08,0.593
2018-08-09,0.632
2018-08-10,0.661
2018-08-13,0.645
2018-08-14,0.734
2018-08-15,0.721
2018-08-16,0.702
2018-08-17,0.668
2018-08-20,0.69
2018-08-21,0.695
2018-08-22,0.596
2018-08-23,0.634
2018-08-24,0.65
2018-08-27,0.753
2018-08-28,0.7
2018-08-29,0.777
2018-08-30,0.845
2018-08-31,0.88
2018-09-04,0.906
2018-09-05,0.917
2018-09-06,0.881
2018-09-07,0.89
2018-09-10,0.88
2018-09-11,0.881
2018-09-12,0.873
2018-09-13,0.863
2018-09-14,0.857
2018-09-17,0.815
2018-09-18,0.904
2018-09-19,0.883
2018-09-20,0.894
2018-09-21,0.881
2018-09-24,0.865
2018-09-25,0.876
2018-09-26,0.847
2018-09-27,0.827
2018-09-28,0.817
2018-10-01,0.814
2018-10-02,0.688
2018-10-03,0.78
2018-10-04,0.762
2018-10-05,0.834
2018-10-08,0.785
2018-10-09,0.729
2018-10-10,0.63
2018-10-11,0.583
2018-10-12,0.581
2018-10-15,0.594
2018-10-16,0.602
2018-10-17,0.579
2018-10-18,0.564
2018-10-19,0.527
2018-10-22,0.547
2018-10-23,0.57
2018-10-24,0.592
2018-10-25,0.604
2018-10-26,0.587
2018-10-29,0.568
2018-10-30,0.668
2018-10-31,0.627
2018-11-01,0.568
2018-11-02,0.586
2018-11-05,0.596
2018-11-06,0.591
2018-11-07,0.562
2018-11-08,0.62
2018-11-09,0.627
2018-11-12,0.682
2018-11-13,0.626
2018-11-14,0.561
2018-11-15,0.549
2018-11-16,0.615
2018-11-19,0.621
2018-11-20,0.628
2018-11-21,0.615
2018-11-23,0.579
2018-11-26,0.578
2018-11-27,0.585
2018-11-28,0.567
2018-11-29,0.574
2018-11-30,0.704
2018-12-03,0.631
2018-12-04,0.635
2018-12-06,0.747
2018-12-07,0.708
2018-12-10,0.808
2018-12-11,0.762
2018-12-12,0.696
2018-12-13,0.708
2018-12-14,0.78
2018-12-17,0.679
2018-12-18,0.664
2018-12-19,0.712
2018-12-20,0.715
2018-12-21,0.776
2018-12-24,0.753
2018-12-26,0.724
2018-12-27,0.691
2018-12-28,0.644
2018-12-31,0.607
2019-01-02,0.593
2019-01-03,0.63
2019-01-04,0.592
2019-01-07,0.582
2019-01-08,0.561
2019-01-09,0.534
2019-01-10,0.527
2019-01-11,0.502
2019-01-14,0.475
2019-01-15,0.485
2019-01-16,0.447
2019-01-17,0.482
2019-01-18,0.469
2019-01-22,0.55
2019-01-23,0.485
2019-01-24,0.507
2019-01-25,0.492
2019-01-28,0.467
2019-01-29,0.475
2019-01-30,0.496
2019-01-31,0.582
2019-02-01,0.578
2019-02-04,0.542
2019-02-05,0.531
2019-02-06,0.591
2019-02-07,0.697
2019-02-08,0.844
2019-02-11,0.853
2019-02-12,0.884
2019-02-13,0.9
2019-02-14,0.888
2019-02-15,0.883
2019-02-19,0.891
2019-02-20,0.879
2019-02-21,0.887
2019-02-22,0.899
2019-02-25,0.824
2019-02-26,0.674
2019-02-27,0.659
2019-02-28,0.648
2019-03-01,0.646
2019-03-04,0.564
2019-03-05,0.577
2019-03-06,0.582
2019-03-07,0.63
2019-03-08,0.635
2019-03-11,0.757
2019-03-12,0.823
2019-03-13,0.837
2019-03-14,0.858
2019-03-15,0.81
2019-03-18,0.711
2019-03-19,0.676
2019-03-20,0.678
2019-03-21,0.818
2019-03-22,0.904
2019-03-25,0.911
2019-03-26,0.843
2019-03-27,0.758
2019-03-28,0.707
2019-03-29,0.592
2019-04-01,0.494
2019-04-02,0.503
2019-04-03,0.47
2019-04-04,0.445
2019-04-05,0.485
2019-04-08,0.525
2019-04-09,0.53
2019-04-10,0.504
2019-04-11,0.507
2019-04-12,0.418
2019-04-15,0.45
2019-04-16,0.319
2019-04-17,0.269
2019-04-18,0.283
2019-04-22,0.264
2019-04-23,0.291
2019-04-24,0.292
2019-04-25,0.311
2019-04-26,0.265
2019-04-29,0.245
2019-04-30,0.252
2019-05-01,0.248
2019-05-02,0.272
2019-05-03,0.236
2019-05-06,0.252
2019-05-07,0.212
2019-05-08,0.201
2019-05-09,0.255
2019-05-10,0.249
2019-05-13,0.24
2019-05-14,0.224
2019-05-15,0.231
2019-05-16,0.246
2019-05-17,0.259
2019-05-20,0.274
2019-05-21,0.24
2019-05-22,0.294
2019-05-23,0.373
2019-05-24,0.356
2019-05-28,0.357
2019-05-29,0.334
2019-05-30,0.376
2019-05-31,0.458
2019-06-03,0.429
2019-06-04,0.372
2019-06-05,0.363
2019-06-06,0.323
2019-06-07,0.289
2019-06-10,0.305
2019-06-11,0.297
2019-06-12,0.299
2019-06-13,0.256
2019-06-14,0.258
2019-06-17,0.282
2019-06-18,0.148
2019-06-19,0.156
2019-06-20,0.158
2019-06-21,0.148
2019-06-24,0.254
2019-06-25,0.241
2019-06-26,0.202
2019-06-27,0.18
2019-06-28,0.195
2019-07-01,0.167
2019-07-02,0.214
2019-07-03,0.217
2019-07-05,0.217
2019-07-08,0.244
2019-07-09,0.237
2019-07-10,0.187
2019-07-11,0.184
2019-07-12,0.148
2019-07-15,0.184
2019-07-16,0.189
2019-07-17,0.228
2019-07-18,0.293
2019-07-19,0.255
2019-07-22,0.304
2019-07-23,0.352
2019-07-24,0.361
2019-07-25,0.358
2019-07-26,0.424
2019-07-29,0.494
2019-07-30,0.546
2019-07-31,0.518
2019-08-01,0.548
2019-08-02,0.69
2019-08-05,0.651
2019-08-06,0.729
2019-08-07,0.711
2019-08-08,0.698
2019-08-09,0.634
2019-08-12,0.7
2019-08-13,0.623
2019-08-14,0.677
2019-08-15,0.767
2019-08-16,0.705
2019-08-19,0.744
2019-08-20,0.694
2019-08-21,0.636
2019-08-22,0.679
2019-08-23,0.628
2019-08-26,0.602
2019-08-27,0.51
2019-08-28,0.53
2019-08-29,0.55
2019-08-30,0.483
2019-09-03,0.563
2019-09-04,0.559
2019-09-05,0.562
2019-09-06,0.597
2019-09-09,0.479
2019-09-10,0.41
2019-09-11,0.407
2019-09-12,0.346
2019-09-13,0.265
2019-09-16,0.251
2019-09-17,0.273
2019-09-18,0.33
2019-09-19,0.399
2019-09-20,0.341
2019-09-23,0.345
2019-09-24,0.358
2019-09-25,0.406
2019-09-26,0.397
2019-09-27,0.392
2019-09-30,0.406
2019-10-01,0.464
2019-10-02,0.503
2019-10-03,0.453
2019-10-04,0.456
2019-10-07,0.445
2019-10-08,0.408
2019-10-09,0.367
2019-10-10,0.288
2019-10-11,0.258
2019-10-14,0.309
2019-10-15,0.282
2019-10-16,0.251
2019-10-17,0.27
2019-10-18,0.253
2019-10-21,0.217
2019-10-22,0.215
2019-10-23,0.198
2019-10-24,0.229
2019-10-25,0.212
2019-10-28,0.152
2019-10-29,0.158
2019-10-30,0.201
2019-10-31,0.333
2019-11-01,0.273
2019-11-04,0.247
2019-11-05,0.224
2019-11-06,0.241
2019-11-07,0.236
2019-11-08,0.267
2019-11-11,0.257
2019-11-12,0.331
2019-11-13,0.369
2019-11-14,0.404
2019-11-15,0.415
2019-11-18,0.457
2019-11-19,0.446
2019-11-20,0.432
2019-11-21,0.354
2019-11-22,0.369
2019-11-25,0.393
2019-11-26,0.478
2019-11-27,0.473
2019-11-29,0.479
2019-12-02,0.401
2019-12-03,0.43
2019-12-04,0.412
2019-12-05,0.352
2019-12-06,0.381
2019-12-09,0.31
2019-12-10,0.269
2019-12-11,0.223
2019-12-12,0.144
2019-12-13,0.195
2019-12-16,0.193
2019-12-17,0.151
2019-12-18,0.129
2019-12-19,0.16
2019-12-20,0.181
2019-12-23,0.206
2019-12-24,0.191
2019-12-26,0.218
2019-12-27,0.21
2019-12-30,0.22
2019-12-31,0.21
2020-01-02,0.213
2020-01-03,0.28
2020-01-06,0.292
2020-01-07,0.249
2020-01-08,0.278
2020-01-09,0.307
2020-01-10,0.303
2020-01-13,0.333
2020-01-14,0.346
2020-01-15,0.414
2020-01-16,0.455
2020-01-17,0.48
2020-01-21,0.458
2020-01-22,0.457
2020-01-23,0.477
2020-01-24,0.46
2020-01-27,0.5
2020-01-28,0.513
2020-01-29,0.517
2020-01-30,0.603
2020-01-31,0.642
2020-02-03,0.743
2020-02-04,0.67
2020-02-05,0.636
2020-02-06,0.649
2020-02-07,0.663
2020-02-10,0.687
2020-02-11,0.632
2020-02-12,0.61
2020-02-13,0.647
2020-02-14,0.754
2020-02-18,0.872
2020-02-19,0.795
2020-02-20,0.827
2020-02-21,0.681
2020-02-24,0.645
2020-02-25,0.636
2020-02-26,0.624
2020-02-27,0.711
2020-02-28,0.751
2020-03-02,0.768
2020-03-03,0.785
2020-03-04,0.801
2020-03-05,0.862
2020-03-06,0.878
2020-03-09,0.929
2020-03-10,0.915
2020-03-11,0.92
2020-03-12,0.905
2020-03-13,0.923
2020-03-16,0.923
2020-03-17,0.924
2020-03-18,0.922
2020-03-19,0.932
2020-03-20,0.933
2020-03-23,0.916
2020-03-24,0.859
2020-03-25,0.872
2020-03-26,0.862
2020-03-27,0.887
2020-03-30,0.871
2020-03-31,0.834
2020-04-01,0.893
2020-04-02,0.892
2020-04-03,0.827
2020-04-06,0.83
2020-04-07,0.786
2020-04-08,0.79
2020-04-09,0.845
2020-04-13,0.742
2020-04-14,0.763
2020-04-15,0.748
2020-04-16,0.709
2020-04-17,0.662
2020-04-20,0.654
2020-04-21,0.668
2020-04-22,0.701
2020-04-23,0.674
2020-04-24,0.783
2020-04-27,0.827
2020-04-28,0.736
2020-04-29,0.664
2020-04-30,0.664
2020-05-01,0.654
2020-05-04,0.631
2020-05-05,0.657
2020-05-06,0.635
2020-05-07,0.619
2020-05-08,0.622
2020-05-11,0.655
2020-05-12,0.609
2020-05-13,0.58
2020-05-14,0.636
2020-05-15,0.628
2020-05-18,0.562
2020-05-19,0.608
2020-05-20,0.566
2020-05-21,0.55
2020-05-22,0.541
2020-05-26,0.456
2020-05-27,0.415
2020-05-28,0.428
2020-05-29,0.451
2020-06-01,0.415
2020-06-02,0.289
2020-06-03,0.296
2020-06-04,0.258
2020-06-05,0.244
2020-06-08,0.228
2020-06-09,0.248
2020-06-10,0.286
2020-06-11,0.264
2020-06-12,0.22
2020-06-15,0.228
2020-06-16,0.241
2020-06-17,0.241
2020-06-18,0.224
2020-06-19,0.224
2020-06-22,0.215
2020-06-23,0.188
2020-06-24,0.218
2020-06-25,0.219
2020-06-26,0.222
2020-06-29,0.244
2020-06-30,0.27
2020-07-01,0.297
2020-07-02,0.28
2020-07-06,0.322
2020-07-07,0.327
2020-07-08,0.362
2020-07-09,0.499
2020-07-10,0.525
2020-07-13,0.476
2020-07-14,0.462
2020-07-15,0.518
2020-07-16,0.519
2020-07-17,0.53
2020-07-20,0.584
2020-07-21,0.526
2020-07-22,0.612
2020-07-23,0.557
2020-07-24,0.576
2020-07-27,0.55
2020-07-28,0.559
2020-07-29,0.637
2020-07-30,0.72
2020-07-31,0.834
2020-08-03,0.818
2020-08-04,0.746
2020-08-05,0.71
2020-08-06,0.736
2020-08-07,0.719
2020-08-10,0.621
2020-08-11,0.56
2020-08-12,0.623
2020-08-13,0.684
2020-08-14,0.673
2020-08-17,0.793
2020-08-18,0.824
2020-08-19,0.863
2020-08-20,0.921
2020-08-21,0.956
2020-08-24,0.955
2020-08-25,0.953
2020-08-26,0.977
2020-08-27,0.976
2020-08-28,0.976
2020-08-31,0.973
2020-09-01,0.987
2020-09-02,0.996
2020-09-03,0.994
2020-09-04,0.989
2020-09-08,0.984
2020-09-09,0.987
2020-09-10,0.981
2020-09-11,0.976
2020-09-14,0.966
2020-09-15,0.956
2020-09-16,0.936
2020-09-17,0.91
2020-09-18,0.887
2020-09-21,0.924
2020-09-22,0.936
2020-09-23,0.945
2020-09-24,0.945
2020-09-25,0.948
2020-09-28,0.929
2020-09-29,0.928
2020-09-30,0.933
2020-10-01,0.951
2020-10-02,0.94
2020-10-05,0.943
2020-10-06,0.934
2020-10-07,0.946
2020-10-08,0.938
2020-10-09,0.95
2020-10-12,0.965
2020-10-13,0.982
2020-10-14,0.978
2020-10-15,0.965
2020-10-16,0.959
2020-10-19,0.952
2020-10-20,0.927
2020-10-21,0.915
2020-10-22,0.908
2020-10-23,0.904
2020-10-26,0.83
2020-10-27,0.897
2020-10-28,0.891
2020-10-29,0.896
2020-10-30,0.837
2020-11-02,0.802
2020-11-03,0.793
2020-11-04,0.826
2020-11-05,0.742
2020-11-06,0.663
2020-11-09,0.51
2020-11-10,0.422
2020-11-11,0.471
2020-11-12,0.438
2020-11-13,0.394
2020-11-16,0.374
2020-11-17,0.3
2020-11-18,0.275
2020-11-19,0.258
2020-11-20,0.275
2020-11-23,0.253
2020-11-24,0.193
2020-11-25,0.203
2020-11-27,0.259
2020-11-30,0.322
2020-12-01,0.247
2020-12-02,0.174
2020-12-03,0.198
2020-12-04,0.196
2020-12-07,0.232
2020-12-08,0.24
2020-12-09,0.172
2020-12-10,0.182
2020-12-11,0.184
2020-12-14,0.267
2020-12-15,0.278
2020-12-16,0.253
2020-12-17,0.314
2020-12-18,0.412
2020-12-21,0.487
2020-12-22,0.549
2020-12-23,0.498
2020-12-24,0.524
2020-12-28,0.515
2020-12-29,0.49
2020-12-30,0.512
2020-12-31,0.498
2021-01-04,0.512
2021-01-05,0.581
2021-01-06,0.607
2021-01-07,0.668
2021-01-08,0.768
2021-01-11,0.788
2021-01-12,0.806
2021-01-13,0.796
2021-01-14,0.79
2021-01-15,0.745
2021-01-19,0.774
2021-01-20,0.824
2021-01-21,0.848
2021-01-22,0.846
2021-01-25,0.788
2021-01-26,0.737
2021-01-27,0.7
2021-01-28,0.698
2021-01-29,0.68
2021-02-01,0.787
2021-02-02,0.851
2021-02-03,0.853
2021-02-04,0.847
2021-02-05,0.857
2021-02-08,0.855
2021-02-09,0.866
2021-02-10,0.802
2021-02-11,0.816
2021-02-12,0.879
2021-02-16,0.875
2021-02-17,0.842
2021-02-18,0.834
2021-02-19,0.918
2021-02-22,0.874
2021-02-23,0.778
2021-02-24,0.824
2021-02-25,0.735
2021-02-26,0.752
2021-03-01,0.753
2021-03-02,0.745
2021-03-03,0.792
2021-03-04,0.682
2021-03-05,0.627
2021-03-08,0.553
2021-03-09,0.547
2021-03-10,0.516
2021-03-11,0.539
2021-03-12,0.516
2021-03-15,0.541
2021-03-16,0.608
2021-03-17,0.584
2021-03-18,0.527
2021-03-19,0.552
2021-03-22,0.574
2021-03-23,0.508
2021-03-24,0.481
2021-03-25,0.475
2021-03-26,0.519
2021-03-29,0.495
2021-03-30,0.475
2021-03-31,0.454
2021-04-01,0.466
2021-04-05,0.435
2021-04-06,0.425
2021-04-07,0.385
2021-04-08,0.413
2021-04-09,0.472
2021-04-12,0.432
2021-04-13,0.476
2021-04-14,0.408
2021-04-15,0.408
2021-04-16,0.417
2021-04-19,0.376
2021-04-20,0.366
2021-04-21,0.389
2021-04-22,0.346
2021-04-23,0.37
2021-04-26,0.419
2021-04-27,0.434
2021-04-28,0.406
2021-04-29,0.397
2021-04-30,0.356
2021-05-03,0.331
2021-05-04,0.293
2021-05-05,0.237
2021-05-06,0.27
2021-05-07,0.31
2021-05-10,0.353
2021-05-11,0.313
2021-05-12,0.304
2021-05-13,0.318
2021-05-14,0.284
2021-05-17,0.3
2021-05-18,0.301
2021-05-19,0.28
2021-05-20,0.263
2021-05-21,0.266
2021-05-24,0.316
2021-05-25,0.323
2021-05-26,0.313
2021-05-27,0.38
2021-05-28,0.347
2021-06-01,0.418
2021-06-02,0.422
2021-06-03,0.37
2021-06-04,0.412
2021-06-07,0.339
2021-06-08,0.34
2021-06-09,0.268
2021-06-10,0.259
2021-06-11,0.25
2021-06-14,0.233
2021-06-15,0.193
2021-06-16,0.179
2021-06-17,0.119
2021-06-18,0.094
2021-06-21,0.126
2021-06-22,0.144
2021-06-23,0.179
2021-06-24,0.183
2021-06-25,0.167
2021-06-28,0.15
2021-06-29,0.14
2021-06-30,0.113
2021-07-01,0.114
2021-07-02,0.097
2021-07-06,0.095
2021-07-07,0.106
2021-07-08,0.102
2021-07-09,0.136
2021-07-12,0.123
2021-07-13,0.107
2021-07-14,0.107
2021-07-15,0.089
2021-07-16,0.084
2021-07-19,0.071
2021-07-20,0.081
2021-07-21,0.082
2021-07-22,0.093
2021-07-23,0.118
2021-07-26,0.182
2021-07-27,0.186
2021-07-28,0.15
2021-07-29,0.16
2021-07-30,0.171
2021-08-02,0.121
2021-08-03,0.157
2021-08-04,0.128
2021-08-05,0.108
2021-08-06,0.14
2021-08-09,0.122
2021-08-10,0.112
2021-08-11,0.087
2021-08-12,0.136
2021-08-13,0.17
2021-08-16,0.182
2021-08-17,0.223
2021-08-18,0.177
2021-08-19,0.229
2021-08-20,0.263
2021-08-23,0.274
2021-08-24,0.202
2021-08-25,0.244
2021-08-26,0.308
2021-08-27,0.375
2021-08-30,0.431
2021-08-31,0.431
2021-09-01,0.395
2021-09-02,0.471
2021-09-03,0.44
2021-09-07,0.411
2021-09-08,0.443
2021-09-09,0.39
2021-09-10,0.343
2021-09-13,0.322
2021-09-14,0.309
2021-09-15,0.364
2021-09-16,0.384
2021-09-17,0.338
2021-09-20,0.331
2021-09-21,0.351
2021-09-22,0.338
2021-09-23,0.431
2021-09-24,0.442
2021-09-27,0.384
2021-09-28,0.325
2021-09-29,0.394
2021-09-30,0.272
2021-10-01,0.271
2021-10-04,0.268
2021-10-05,0.28
2021-10-06,0.262
2021-10-07,0.256
2021-10-08,0.233
2021-10-11,0.223
2021-10-12,0.283
2021-10-13,0.26
2021-10-14,0.297
2021-10-15,0.236
2021-10-18,0.266
2021-10-19,0.235
2021-10-20,0.296
2021-10-21,0.357
2021-10-22,0.357
2021-10-25,0.357
2021-10-26,0.375
2021-10-27,0.322
2021-10-28,0.408
2021-10-29,0.491
2021-11-01,0.465
2021-11-02,0.588
2021-11-03,0.632
2021-11-04,0.608
2021-11-05,0.599
2021-11-08,0.593
2021-11-09,0.536
2021-11-10,0.535
2021-11-11,0.458
2021-11-12,0.55
2021-11-15,0.564
2021-11-16,0.618
2021-11-17,0.612
2021-11-18,0.694
2021-11-19,0.667
2021-11-22,0.635
2021-11-23,0.627
2021-11-24,0.711
2021-11-26,0.681
2021-11-29,0.768
2021-11-30,0.719
2021-12-01,0.7
2021-12-02,0.718
2021-12-03,0.725
2021-12-06,0.742
2021-12-07,0.759
2021-12-08,0.785
2021-12-09,0.783
2021-12-10,0.858
2021-12-13,0.877
2021-12-14,0.88
2021-12-15,0.926
2021-12-16,0.902
2021-12-17,0.926
2021-12-20,0.916
2021-12-21,0.917
2021-12-22,0.898
2021-12-23,0.917
2021-12-27,0.927
2021-12-28,0.933
2021-12-29,0.94
2021-12-30,0.938
2021-12-31,0.944
2022-01-03,0.93
2022-01-04,0.908
2022-01-05,0.912
2022-01-06,0.873
2022-01-07,0.867
2022-01-10,0.807
2022-01-11,0.732
2022-01-12,0.712
2022-01-13,0.729
2022-01-14,0.744
2022-01-18,0.758
2022-01-19,0.66
2022-01-20,0.53
2022-01-21,0.494
2022-01-24,0.509
2022-01-25,0.494
2022-01-26,0.493
2022-01-27,0.535
2022-01-28,0.581
2022-01-31,0.536
2022-02-01,0.497
2022-02-02,0.547
2022-02-03,0.493
2022-02-04,0.505
2022-02-07,0.457
2022-02-08,0.448
2022-02-09,0.426
2022-02-10,0.433
2022-02-11,0.433
2022-02-14,0.421
2022-02-15,0.42
2022-02-16,0.417
2022-02-17,0.422
2022-02-18,0.467
2022-02-22,0.525
2022-02-23,0.545
2022-02-24,0.523
2022-02-25,0.541
2022-02-28,0.531
2022-03-01,0.522
2022-03-02,0.507
2022-03-03,0.544
2022-03-04,0.627
2022-03-07,0.68
2022-03-08,0.704
2022-03-09,0.665
2022-03-10,0.739
2022-03-11,0.783
2022-03-14,0.807
2022-03-15,0.824
2022-03-16,0.74
2022-03-17,0.819
2022-03-18,0.817
2022-03-21,0.859
2022-03-22,0.854
2022-03-23,0.842
2022-03-24,0.903
2022-03-25,0.91
2022-03-28,0.915
2022-03-29,0.912
2022-03-30,0.94
2022-03-31,0.936
2022-04-01,0.93
2022-04-04,0.921
2022-04-05,0.928
2022-04-06,0.934
2022-04-07,0.949
2022-04-08,0.944
2022-04-11,0.934
2022-04-12,0.93
2022-04-13,0.911
2022-04-14,0.907
2022-04-18,0.932
2022-04-19,0.958
2022-04-20,0.971
2022-04-21,0.975
2022-04-22,0.979
2022-04-25,0.986
2022-04-26,0.997
2022-04-27,0.997
2022-04-28,0.997
2022-04-29,0.983
2022-05-02,0.975
2022-05-03,0.962
2022-05-04,0.963
2022-05-05,0.965
2022-05-06,0.961
2022-05-09,0.968
2022-05-10,0.96
2022-05-11,0.964
2022-05-12,0.961
2022-05-13,0.955
2022-05-16,0.952
2022-05-17,0.947
2022-05-18,0.938
2022-05-19,0.923
2022-05-20,0.923
2022-05-23,0.899
2022-05-24,0.886
2022-05-25,0.789
2022-05-26,0.849
2022-05-27,0.856
2022-05-31,0.824
2022-06-01,0.853
2022-06-02,0.785
2022-06-03,0.866
2022-06-06,0.818
2022-06-07,0.788
2022-06-08,0.745
2022-06-09,0.72
2022-06-10,0.714
2022-06-13,0.638
2022-06-14,0.573
2022-06-15,0.463
2022-06-16,0.421
2022-06-17,0.424
2022-06-21,0.434
2022-06-22,0.389
2022-06-23,0.434
2022-06-24,0.485
2022-06-27,0.492
2022-06-28,0.508
2022-06-29,0.551
2022-06-30,0.579
2022-07-01,0.617
2022-07-05,0.628
2022-07-06,0.685
2022-07-07,0.644
2022-07-08,0.639
2022-07-11,0.636
2022-07-12,0.634
2022-07-13,0.644
2022-07-14,0.735
2022-07-15,0.675
2022-07-18,0.608
2022-07-19,0.625
2022-07-20,0.624
2022-07-21,0.555
2022-07-22,0.637
2022-07-25,0.644
2022-07-26,0.683
2022-07-27,0.619
2022-07-28,0.734
2022-07-29,0.797
2022-08-01,0.772
2022-08-02,0.822
2022-08-03,0.759
2022-08-04,0.574
2022-08-05,0.588
2022-08-08,0.541
2022-08-09,0.644
2022-08-10,0.607
2022-08-11,0.584
2022-08-12,0.589
2022-08-15,0.676
2022-08-16,0.65
2022-08-17,0.705
2022-08-18,0.82
2022-08-19,0.887
2022-08-22,0.866
2022-08-23,0.892
2022-08-24,0.882
2022-08-25,0.822
2022-08-26,0.811
2022-08-29,0.857
2022-08-30,0.879
2022-08-31,0.822
2022-09-01,0.897
2022-09-02,0.911
2022-09-06,0.919
2022-09-07,0.921
2022-09-08,0.913
2022-09-09,0.913
2022-09-12,0.904
2022-09-13,0.867
2022-09-14,0.898
2022-09-15,0.913
2022-09-16,0.878
2022-09-19,0.908
2022-09-20,0.927
2022-09-21,0.944
2022-09-22,0.944
2022-09-23,0.909
2022-09-26,0.848
2022-09-27,0.828
2022-09-28,0.796
2022-09-29,0.797
2022-09-30,0.844
2022-10-03,0.898
2022-10-04,0.845
2022-10-05,0.811
2022-10-06,0.807
2022-10-07,0.83
2022-10-10,0.856
2022-10-11,0.864
2022-10-12,0.842
2022-10-13,0.888
2022-10-14,0.875
2022-10-17,0.858
2022-10-18,0.853
2022-10-19,0.923
2022-10-20,0.944
2022-10-21,0.963
2022-10-24,0.973
2022-10-25,0.96
2022-10-26,0.942
2022-10-27,0.943
2022-10-28,0.95
2022-10-31,0.969
2022-11-01,0.96
2022-11-02,0.95
2022-11-03,0.953
2022-11-04,0.947
2022-11-07,0.933
2022-11-08,0.909
2022-11-09,0.904
2022-11-10,0.856
2022-11-11,0.844
2022-11-14,0.812
2022-11-15,0.712
2022-11-16,0.629
2022-11-17,0.597
2022-11-18,0.657
2022-11-21,0.665
2022-11-22,0.668
2022-11-23,0.624
2022-11-25,0.617
2022-11-28,0.509
2022-11-29,0.463
2022-11-30,0.505
2022-12-01,0.468
2022-12-02,0.427
2022-12-05,0.383
2022-12-06,0.353
2022-12-07,0.303
2022-12-08,0.297
2022-12-09,0.303
2022-12-12,0.355
2022-12-13,0.344
2022-12-14,0.323
2022-12-15,0.358
2022-12-16,0.35
2022-12-19,0.327
2022-12-20,0.333
2022-12-21,0.313
2022-12-22,0.299
2022-12-23,0.316
2022-12-27,0.251
2022-12-28,0.258
2022-12-29,0.223
2022-12-30,0.195
2023-01-03,0.093
2023-01-04,0.053
2023-01-05,0.031
2023-01-06,0.036
2023-01-09,0.035
2023-01-10,0.022
2023-01-11,0.017
2023-01-12,0.009
2023-01-13,0.01
2023-01-17,0.017
2023-01-18,0.008
2023-01-19,0.017
2023-01-20,0.014
2023-01-23,0.014
2023-01-24,0.013
2023-01-25,0.005
2023-01-26,0.004
2023-01-27,0.004
2023-01-30,0.007
2023-01-31,0.003
2023-02-01,0.004
2023-02-02,0.002
2023-02-03,0.008
2023-02-06,0.007
2023-02-07,0.01
2023-02-08,0.004
2023-02-09,0.002
2023-02-10,0.007
2023-02-13,0.008
2023-02-14,0.009
2023-02-15,0.006
2023-02-16,0.003
2023-02-17,0.002
2023-02-21,0.005
2023-02-22,0.005
2023-02-23,0.005
2023-02-24,0.016
2023-02-27,0.025
2023-02-28,0.025
2023-03-01,0.029
2023-03-02,0.033
2023-03-03,0.029
2023-03-06,0.033
2023-03-07,0.02
2023-03-08,0.019
2023-03-09,0.017
2023-03-10,0.014
2023-03-13,0.002
2023-03-14,0.01
2023-03-15,0.002
2023-03-16,0.001
2023-03-17,0.0
2023-03-20,0.0
2023-03-21,0.004
2023-03-22,0.002
2023-03-23,0.003
2023-03-24,0.001
2023-03-27,0.006
2023-03-28,0.006
2023-03-29,0.008
2023-03-30,0.008
2023-03-31,0.007
2023-04-03,0.009
2023-04-04,0.007
2023-04-05,0.003
2023-04-06,0.006
2023-04-10,0.012
2023-04-11,0.019
2023-04-12,0.045
2023-04-13,0.06
2023-04-14,0.061
2023-04-17,0.059
2023-04-18,0.062
2023-04-19,0.07
2023-04-20,0.07
2023-04-21,0.081
2023-04-24,0.09
2023-04-25,0.088
2023-04-26,0.082
2023-04-27,0.088
2023-04-28,0.089
2023-05-01,0.099
2023-05-02,0.099
2023-05-03,0.105
2023-05-04,0.11
2023-05-05,0.109
2023-05-08,0.115
2023-05-09,0.107
2023-05-10,0.119
2023-05-11,0.111
2023-05-12,0.12
2023-05-15,0.132
2023-05-16,0.126
2023-05-17,0.122
2023-05-18,0.116
2023-05-19,0.133
2023-05-22,0.132
2023-05-23,0.123
2023-05-24,0.124
2023-05-25,0.146
2023-05-26,0.131
2023-05-30,0.127
2023-05-31,0.095
2023-06-01,0.115
2023-06-02,0.122
2023-06-05,0.134
2023-06-06,0.128
2023-06-07,0.109
2023-06-08,0.102
2023-06-09,0.106
2023-06-12,0.098
2023-06-13,0.108
2023-06-14,0.144
2023-06-15,0.173
2023-06-16,0.154
2023-06-20,0.137
2023-06-21,0.165
2023-06-22,0.189
2023-06-23,0.17
2023-06-26,0.124
2023-06-27,0.145
2023-06-28,0.169
2023-06-29,0.216
2023-06-30,0.207
2023-07-03,0.187
2023-07-05,0.205
2023-07-06,0.206
2023-07-07,0.208
2023-07-10,0.221
2023-07-11,0.209
2023-07-12,0.203
2023-07-13,0.186
2023-07-14,0.176
2023-07-17,0.253
2023-07-18,0.284
2023-07-19,0.249
2023-07-20,0.206
2023-07-21,0.189
2023-07-24,0.166
2023-07-25,0.203
2023-07-26,0.204
2023-07-27,0.286
2023-07-28,0.328
2023-07-31,0.27
2023-08-01,0.281
2023-08-02,0.22
2023-08-03,0.251
2023-08-04,0.265
2023-08-07,0.248
2023-08-08,0.205
2023-08-09,0.181
2023-08-10,0.198
2023-08-11,0.179
2023-08-14,0.205
2023-08-15,0.22
2023-08-16,0.233
2023-08-17,0.227
2023-08-18,0.188
2023-08-21,0.281
2023-08-22,0.256
2023-08-23,0.22
2023-08-24,0.187
2023-08-25,0.176
2023-08-28,0.178
2023-08-29,0.18
2023-08-30,0.222
2023-08-31,0.224
2023-09-01,0.237
2023-09-05,0.292
2023-09-06,0.276
2023-09-07,0.23
2023-09-08,0.241
2023-09-11,0.24
2023-09-12,0.175
2023-09-13,0.226
2023-09-14,0.22
2023-09-15,0.166
2023-09-18,0.176
2023-09-19,0.205
2023-09-20,0.213
2023-09-21,0.222
2023-09-22,0.24
2023-09-25,0.284
2023-09-26,0.291
2023-09-27,0.324
2023-09-28,0.346
2023-09-29,0.35
2023-10-02,0.406
2023-10-03,0.372
2023-10-04,0.372
2023-10-05,0.413
2023-10-06,0.473
2023-10-09,0.46
2023-10-10,0.492
2023-10-11,0.482
2023-10-12,0.509
2023-10-13,0.473
2023-10-16,0.486
2023-10-17,0.491
2023-10-18,0.494
2023-10-19,0.521
2023-10-20,0.45
2023-10-23,0.465
2023-10-24,0.471
2023-10-25,0.474
2023-10-26,0.447
2023-10-27,0.513
2023-10-30,0.513
2023-10-31,0.496
2023-11-01,0.504
2023-11-02,0.501
2023-11-03,0.521
2023-11-06,0.523
2023-11-07,0.559
2023-11-08,0.546
2023-11-09,0.495
2023-11-10,0.538
2023-11-13,0.575
2023-11-14,0.55
2023-11-15,0.558
2023-11-16,0.588
2023-11-17,0.571
2023-11-20,0.555
2023-11-21,0.549
2023-11-22,0.591
2023-11-24,0.574
2023-11-27,0.531
2023-11-28,0.567
2023-11-29,0.601
2023-11-30,0.591
2023-12-01,0.62
2023-12-04,0.569
2023-12-05,0.616
2023-12-06,0.571
2023-12-07,0.614
2023-12-08,0.63
2023-12-11,0.721
2023-12-12,0.711
2023-12-13,0.759
2023-12-14,0.71
2023-12-15,0.672
2023-12-18,0.714
2023-12-19,0.745
2023-12-20,0.739
2023-12-21,0.744
2023-12-22,0.704
2023-12-26,0.707
2023-12-27,0.729
2023-12-28,0.696
2023-12-29,0.659
2024-01-02,0.631
2024-01-03,0.565
2024-01-04,0.494
2024-01-05,0.513
2024-01-08,0.51
2024-01-09,0.588
2024-01-10,0.701
2024-01-11,0.728
2024-01-12,0.688
2024-01-16,0.766
2024-01-17,0.726
2024-01-18,0.831
2024-01-19,0.878
2024-01-22,0.884
2024-01-23,0.903
2024-01-24,0.922
2024-01-25,0.937
2024-01-26,0.923
2024-01-29,0.956
2024-01-30,0.95
2024-01-31,0.927
2024-02-01,0.891
2024-02-02,0.944
2024-02-05,0.955
2024-02-06,0.95
2024-02-07,0.963
2024-02-08,0.957
2024-02-09,0.963
2024-02-12,0.944
2024-02-13,0.938
2024-02-14,0.929
2024-02-15,0.925
2024-02-16,0.913
2024-02-20,0.891
2024-02-21,0.891
2024-02-22,0.924
2024-02-23,0.919
2024-02-26,0.951
2024-02-27,0.944
2024-02-28,0.923
2024-02-29,0.915
2024-03-01,0.924
2024-03-04,0.937
2024-03-05,0.925
2024-03-06,0.922
2024-03-07,0.912
2024-03-08,0.884
2024-03-11,0.863
2024-03-12,0.898
2024-03-13,0.89
2024-03-14,0.899
2024-03-15,0.867
2024-03-18,0.875
2024-03-19,0.823
2024-03-20,0.791
2024-03-21,0.857
2024-03-22,0.858
2024-03-25,0.847
2024-03-26,0.839
2024-03-27,0.779
2024-03-28,0.794
2024-04-01,0.802
2024-04-02,0.796
2024-04-03,0.804
2024-04-04,0.673
2024-04-05,0.777
2024-04-08,0.763
2024-04-09,0.655
2024-04-10,0.711
2024-04-11,0.711
2024-04-12,0.633
2024-04-15,0.567
2024-04-16,0.624
2024-04-17,0.562
2024-04-18,0.54
2024-04-19,0.575
2024-04-22,0.607
2024-04-23,0.593
2024-04-24,0.622
2024-04-25,0.637
2024-04-26,0.586
2024-04-29,0.525
2024-04-30,0.463
2024-05-01,0.422
2024-05-02,0.424
2024-05-03,0.389
2024-05-06,0.379
2024-05-07,0.369
2024-05-08,0.372
2024-05-09,0.355
2024-05-10,0.392
2024-05-13,0.396
2024-05-14,0.399
2024-05-15,0.374
2024-05-16,0.338
2024-05-17,0.361
2024-05-20,0.327
2024-05-21,0.386
2024-05-22,0.416
2024-05-23,0.42
2024-05-24,0.481
2024-05-28,0.439
2024-05-29,0.455
2024-05-30,0.395
2024-05-31,0.423
2024-06-03,0.502
2024-06-04,0.503
2024-06-05,0.548
2024-06-06,0.48
2024-06-07,0.578
2024-06-10,0.606
2024-06-11,0.711
2024-06-12,0.752
2024-06-13,0.703
2024-06-14,0.767
2024-06-17,0.804
2024-06-18,0.829
2024-06-20,0.792
2024-06-21,0.627
2024-06-24,0.638
2024-06-25,0.709
2024-06-26,0.775
2024-06-27,0.761
2024-06-28,0.749
2024-07-01,0.81
2024-07-02,0.814
2024-07-03,0.703
2024-07-05,0.748
2024-07-08,0.68
2024-07-09,0.691
2024-07-10,0.693
2024-07-11,0.617
2024-07-12,0.584
2024-07-15,0.741
2024-07-16,0.781
2024-07-17,0.676
2024-07-18,0.74
2024-07-19,0.7
2024-07-22,0.737
2024-07-23,0.843
2024-07-24,0.807
2024-07-25,0.877
2024-07-26,0.838
2024-07-29,0.865
2024-07-30,0.883
2024-07-31,0.878
2024-08-01,0.899
2024-08-02,0.863
2024-08-05,0.837
2024-08-06,0.811
2024-08-07,0.701
2024-08-08,0.667
2024-08-09,0.632
2024-08-12,0.613
2024-08-13,0.588
2024-08-14,0.593
2024-08-15,0.632
2024-08-16,0.583
2024-08-19,0.521
2024-08-20,0.581
2024-08-21,0.605
2024-08-22,0.688
2024-08-23,0.696
2024-08-26,0.729
2024-08-27,0.805
2024-08-28,0.865
2024-08-29,0.917
2024-08-30,0.931
2024-09-03,0.892
2024-09-04,0.902
2024-09-05,0.862
2024-09-06,0.844
2024-09-09,0.896
2024-09-10,0.913
2024-09-11,0.854
2024-09-12,0.855
2024-09-13,0.799
2024-09-16,0.803
2024-09-17,0.751
2024-09-18,0.779
2024-09-19,0.758
2024-09-20,0.807
2024-09-23,0.85
2024-09-24,0.682
2024-09-25,0.681
2024-09-26,0.678
2024-09-27,0.695
2024-09-30,0.754
2024-10-01,0.584
2024-10-02,0.524
2024-10-03,0.499
2024-10-04,0.493
2024-10-07,0.492
2024-10-08,0.552
2024-10-09,0.624
2024-10-10,0.563
2024-10-11,0.549
2024-10-14,0.544
2024-10-15,0.51
2024-10-16,0.592
2024-10-17,0.641
2024-10-18,0.687
2024-10-21,0.689
2024-10-22,0.7
2024-10-23,0.682
2024-10-24,0.615
2024-10-25,0.603
2024-10-28,0.652
2024-10-29,0.661
2024-10-30,0.67
2024-10-31,0.576
2024-11-01,0.769
2024-11-04,0.628
2024-11-05,0.708
2024-11-06,0.793
2024-11-07,0.696
2024-11-08,0.741
2024-11-11,0.866
2024-11-12,0.883
2024-11-13,0.874
2024-11-14,0.878
2024-11-15,0.838
2024-11-18,0.791
2024-11-19,0.713
2024-11-20,0.759
2024-11-21,0.885
2024-11-22,0.837
2024-11-25,0.827
2024-11-26,0.883
2024-11-27,0.897
2024-11-29,0.953
2024-12-02,0.947
2024-12-03,0.9
2024-12-04,0.904
2024-12-05,0.911
2024-12-06,0.902
2024-12-09,0.751
2024-12-10,0.709
2024-12-11,0.784
2024-12-12,0.809
2024-12-13,0.835
2024-12-16,0.873
2024-12-17,0.919
2024-12-18,0.923
2024-12-19,0.926
2024-12-20,0.9
2024-12-23,0.881
2024-12-24,0.912
2024-12-26,0.912
2024-12-27,0.86
2024-12-30,0.812
2024-12-31,0.82
2025-01-02,0.722
2025-01-03,0.887
2025-01-06,0.879
2025-01-07,0.802
2025-01-08,0.825
2025-01-10,0.789
2025-01-13,0.705
2025-01-14,0.739
2025-01-15,0.757
2025-01-16,0.82
2025-01-17,0.813
2025-01-21,0.717
2025-01-22,0.672
2025-01-23,0.661
2025-01-24,0.632
2025-01-27,0.608
2025-01-28,0.656
2025-01-29,0.592
2025-01-30,0.586
2025-01-31,0.55
2025-02-03,0.553
2025-02-04,0.557
2025-02-05,0.714
2025-02-06,0.661
2025-02-07,0.703
2025-02-10,0.721
2025-02-11,0.654
2025-02-12,0.621
2025-02-13,0.648
2025-02-14,0.611
2025-02-18,0.557
2025-02-19,0.622
2025-02-20,0.536
2025-02-21,0.564
2025-02-24,0.53
2025-02-25,0.505
2025-02-26,0.507
2025-02-27,0.511
2025-02-28,0.666
2025-03-03,0.688
2025-03-04,0.621
2025-03-05,0.617
2025-03-06,0.54
2025-03-07,0.542
2025-03-10,0.486
2025-03-11,0.455
2025-03-12,0.418
2025-03-13,0.385
2025-03-14,0.349
2025-03-17,0.336
2025-03-18,0.326
2025-03-19,0.265
2025-03-20,0.26
2025-03-21,0.282
2025-03-24,0.312
2025-03-25,0.262
2025-03-26,0.21
2025-03-27,0.227
2025-03-28,0.182
2025-03-31,0.192
2025-04-01,0.145
2025-04-02,0.155
2025-04-03,0.111
2025-04-04,0.113
2025-04-07,0.1
2025-04-08,0.101
2025-04-09,0.11
2025-04-10,0.113
2025-04-11,0.114
2025-04-14,0.135
2025-04-15,0.138
2025-04-16,0.161
2025-04-17,0.175
2025-04-21,0.157
2025-04-22,0.174
2025-04-23,0.146
2025-04-24,0.181
2025-04-25,0.191
2025-04-28,0.178
2025-04-29,0.166
2025-04-30,0.163
2025-05-01,0.179
2025-05-02,0.157
2025-05-05,0.16
2025-05-06,0.177
2025-05-07,0.211
2025-05-08,0.264
2025-05-09,0.282
2025-05-12,0.268
2025-05-13,0.297
2025-05-14,0.306
2025-05-15,0.278
2025-05-16,0.314
2025-05-19,0.351
2025-05-20,0.398
2025-05-21,0.397
2025-05-22,0.354
2025-05-23,0.344
2025-05-27,0.34
2025-05-28,0.352
2025-05-29,0.354
2025-05-30,0.384
2025-06-02,0.427
2025-06-03,0.449
2025-06-04,0.552
2025-06-05,0.599
2025-06-06,0.565
2025-06-09,0.55
2025-06-10,0.474
2025-06-11,0.454
2025-06-12,0.463
2025-06-13,0.435
2025-06-16,0.439
2025-06-17,0.406
2025-06-18,0.373
2025-06-20,0.371
2025-06-23,0.388
2025-06-24,0.444
2025-06-25,0.424
2025-06-26,0.392
2025-06-27,0.398
2025-06-30,0.418
2025-07-01,0.353
2025-07-02,0.416
2025-07-03,0.44
2025-07-07,0.481
2025-07-08,0.567
2025-07-09,0.63
2025-07-10,0.53
2025-07-11,0.572
2025-07-14,0.623
2025-07-15,0.713
2025-07-16,0.611
2025-07-17,0.658
2025-07-18,0.69
2025-07-21,0.728
2025-07-22,0.651
2025-07-23,0.694
2025-07-24,0.65
2025-07-25,0.708
2025-07-28,0.731
2025-07-29,0.606
2025-07-30,0.664
2025-07-31,0.664
2025-08-01,0.539
2025-08-04,0.582
2025-08-05,0.631
2025-08-06,0.678
2025-08-07,0.611
2025-08-08,0.523
2025-08-11,0.469
2025-08-12,0.476
2025-08-13,0.455
2025-08-14,0.513
2025-08-15,0.536
2025-08-18,0.499
2025-08-19,0.515
2025-08-20,0.516
2025-08-21,0.489
2025-08-22,0.514
2025-08-25,0.495
2025-08-26,0.487
2025-08-27,0.528
2025-08-28,0.484
2025-08-29,0.464
2025-09-02,0.381
2025-09-03,0.397
2025-09-04,0.447
2025-09-05,0.445
2025-09-08,0.412
2025-09-09,0.435
2025-09-10,0.431
2025-09-11,0.481
2025-09-12,0.449
2025-09-15,0.541
2025-09-16,0.491
2025-09-17,0.476
2025-09-18,0.49
2025-09-19,0.43
2025-09-22,0.483
2025-09-23,0.467
2025-09-24,0.472
2025-09-25,0.486
2025-09-26,0.551
2025-09-29,0.617
2025-09-30,0.728
2025-10-01,0.845
2025-10-02,0.813
2025-10-03,0.802
2025-10-06,0.79
2025-10-07,0.613
2025-10-08,0.671
2025-10-09,0.485
2025-10-10,0.412
2025-10-13,0.417
2025-10-14,0.448
2025-10-15,0.397
2025-10-16,0.421
2025-10-17,0.373
2025-10-20,0.363
2025-10-21,0.343
2025-10-22,0.326
2025-10-23,0.321
2025-10-24,0.356
2025-10-27,0.349
2025-10-28,0.38
2025-10-29,0.391
2025-10-30,0.385
2025-10-31,0.345
2025-11-03,0.398
2025-11-04,0.354
2025-11-05,0.391
2025-11-06,0.309
2025-11-07,0.284
2025-11-10,0.364
2025-11-11,0.399
2025-11-12,0.433
2025-11-13,0.398
2025-11-14,0.367
2025-11-17,0.359
2025-11-18,0.348
2025-11-19,0.3
2025-11-20,0.271
2025-11-21,0.246
2025-11-24,0.21
2025-11-25,0.251
2025-11-26,0.225
2025-11-28,0.233
2025-12-01,0.193
2025-12-02,0.235
2025-12-03,0.257
2025-12-04,0.249
2025-12-05,0.249
2025-12-08,0.273
2025-12-09,0.251
2025-12-10,0.274
2025-12-11,0.255
2025-12-12,0.159
2025-12-15,0.203
2025-12-16,0.117
2025-12-17,0.092
2025-12-18,0.133
2025-12-19,0.168
2025-12-22,0.239
2025-12-23,0.272
2025-12-24,0.263
2025-12-26,0.249
2025-12-29,0.275
2025-12-30,0.322
2025-12-31,0.326
2026-01-02,0.338
2026-01-05,0.321
2026-01-06,0.335
2026-01-07,0.321
2026-01-08,0.343
2026-01-09,0.313
2026-01-12,0.292
2026-01-13,0.262
2026-01-14,0.2
2026-01-15,0.201
2026-01-16,0.228
2026-01-20,0.256
2026-01-21,0.315
2026-01-22,0.355
2026-01-23,0.401
2026-01-26,0.383
2026-01-27,0.489
2026-01-28,0.524
2026-01-29,0.557
2026-01-30,0.574
2026-02-02,0.552
2026-02-03,0.547
2026-02-04,0.552
2026-02-05,0.546
2026-02-06,0.566
2026-02-09,0.585
2026-02-10,0.525
2026-02-11,0.549
2026-02-12,0.504
2026-02-13,0.503
2026-02-17,0.487
2026-02-18,0.486
2026-02-19,0.512
2026-02-20,0.533
2026-02-23,0.526
2026-02-24,0.554
2026-02-25,0.595
2026-02-26,0.553
2026-02-27,0.49
2026-03-02,0.502
2026-03-03,0.443
2026-03-04,0.495
2026-03-05,0.457
2026-03-06,0.454
2026-03-09,0.434
2026-03-10,0.473
2026-03-11,0.471
2026-03-12,0.416
2026-03-13,0.464
2026-03-16,0.454
2026-03-17,0.477
2026-03-18,0.48
2026-03-19,0.491
2026-03-20,0.5
2026-03-23,0.489
2026-03-24,0.57
2026-03-25,0.54
2026-03-26,0.58
2026-03-27,0.64
2026-03-30,0.658
2026-03-31,0.632
2026-04-01,0.731
2026-04-02,0.662
2026-04-06,0.624
2026-04-07,0.686
2026-04-08,0.622
2026-04-09,0.643
2026-04-10,0.686
2026-04-13,0.658
2026-04-14,0.577
2026-04-15,0.526
2026-04-16,0.491
2026-04-17,0.439
2026-04-20,0.49
2026-04-21,0.456
2026-04-22,0.494
2026-04-23,0.49
2026-04-24,0.513
2026-04-27,0.55
2026-04-28,0.563
2026-04-29,0.544
2026-04-30,0.625
2026-05-01,0.58
2026-05-04,0.585
2026-05-05,0.589
2026-05-06,0.601
2026-05-07,0.518
2026-05-08,0.647
2026-05-11,0.73
2026-05-12,0.687
2026-05-13,0.771
2026-05-14,0.693
2026-05-15,0.711
2026-05-18,0.747
2026-05-19,0.836
2026-05-20,0.798
2026-05-21,0.835
2026-05-22,0.768
2026-05-26,0.754
2026-05-27,0.753
2026-05-28,0.775
2026-05-29,0.775
2026-06-01,0.8
2026-06-02,0.835
2026-06-03,0.908
2026-06-04,0.848
2026-06-05,0.827
2026-06-08,0.849
2026-06-09,0.751
2026-06-10,0.723
2026-06-11,0.799
